<?xml version='1.0' encoding='US-ASCII' standalone='yes'?>
<PageTables vers='1.0.0.0'>
	<PageTableLayouts>
		<Plugin manID='dbAu' prodID='sVst' plugID='jcbb'>
			<Desc>Soundscape Plug-in for d&amp;b DS100 control Mono Native</Desc>
			<Layout>Mono</Layout>
		</Plugin><!--manID='dbAu' prodID='sVst' plugID='jcbb'-->
		<Plugin manID='dbAu' prodID='sVst' plugID='jccc'>
			<Desc>Soundscape Plug-in for d&amp;b DS100 control Stereo Native</Desc>
			<Layout>Mono</Layout>
		</Plugin><!--manID='dbAu' prodID='sVst' plugID='jccc'-->
		<Plugin manID='dbAu' prodID='sVst' plugID='jcbc'>
			<Desc>Soundscape Plug-in for d&amp;b DS100 control Mono DSP</Desc>
			<Layout>Mono</Layout>
		</Plugin><!--manID='dbAu' prodID='sVst' plugID='jcbc'-->
		<Plugin manID='dbAu' prodID='sVst' plugID='jccd'>
			<Desc>Soundscape Plug-in for d&amp;b DS100 control Stereo DSP</Desc>
			<Layout>Mono</Layout>
		</Plugin><!--manID='dbAu' prodID='sVst' plugID='jccd'-->
		<PTLayout name='Mono'>
			<PageTable type='Av46' pgsz='72'>
				<Page num='1'>
					<ID> </ID>
					<ID> </ID>
					<ID> </ID>
					<ID>x</ID>
					<ID> </ID>
					<ID> </ID>
					<ID>y</ID>
					<ID> </ID>
					<ID> </ID>
					<ID> </ID>
					<ID> </ID>
					<ID> </ID>
					<ID> </ID>
					<ID> </ID>
					<ID> </ID>
					<ID> </ID>
					<ID> </ID>
					<ID> </ID>
					<ID> </ID>
					<ID> </ID>
					<ID> </ID>
					<ID>Spread</ID>
					<ID> </ID>
					<ID> </ID>
					<ID>Delay</ID>
					<ID> </ID>
					<ID>Delay</ID>
					<ID> </ID>
					<ID> </ID>
					<ID> </ID>
					<ID>Reverb</ID>
					<ID> </ID>
					<ID> </ID>
					<ID>OSCBypass</ID>
					<ID> </ID>
					<ID> </ID>
					<ID> </ID>
					<ID> </ID>
					<ID> </ID>
					<ID> </ID>
					<ID> </ID>
					<ID> </ID>
					<ID> </ID>
					<ID> </ID>
					<ID> </ID>
					<ID> </ID>
					<ID> </ID>
					<ID> </ID>
					<ID> </ID>
					<ID> </ID>
					<ID> </ID>
					<ID> </ID>
					<ID> </ID>
					<ID> </ID>
					<ID> </ID>
					<ID> </ID>
					<ID> </ID>
					<ID> </ID>
					<ID> </ID>
					<ID> </ID>
					<ID> </ID>
					<ID> </ID>
					<ID> </ID>
					<ID> </ID>
					<ID> </ID>
					<ID> </ID>
					<ID> </ID>
					<ID> </ID>
					<ID> </ID>
					<ID> </ID>
					<ID> </ID>
					<ID> </ID>
				</Page><!--num='1'-->
			</PageTable><!--type='Av46' pgsz='72'-->
			<PageTable type='Av48' pgsz='96'>
				<Page num='1'>
					<Cell row='1' col='1' knobID="" inOutButtonID="" selectButtonID=""/>
					<Cell row='2' col='1' knobID="" inOutButtonID="" selectButtonID=""/>
					<Cell row='3' col='1' knobID="" inOutButtonID="" selectButtonID=""/>
					<Cell row='4' col='1' knobID="" inOutButtonID="" selectButtonID=""/>
					<Cell row='1' col='2' knobID="x" inOutButtonID="" selectButtonID=""/>
					<Cell row='2' col='2' knobID="Spread" inOutButtonID="" selectButtonID=""/>
					<Cell row='3' col='2' knobID="" inOutButtonID="" selectButtonID=""/>
					<Cell row='4' col='2' knobID="" inOutButtonID="" selectButtonID=""/>
					<Cell row='1' col='3' knobID="y" inOutButtonID="" selectButtonID=""/>
					<Cell row='2' col='3' knobID="Delay" inOutButtonID="" selectButtonID="Delay"/>
					<Cell row='3' col='3' knobID="" inOutButtonID="" selectButtonID=""/>
					<Cell row='4' col='3' knobID="" inOutButtonID="" selectButtonID=""/>
					<Cell row='1' col='4' knobID="" inOutButtonID="" selectButtonID=""/>
					<Cell row='2' col='4' knobID="" inOutButtonID="" selectButtonID=""/>
					<Cell row='3' col='4' knobID="" inOutButtonID="" selectButtonID=""/>
					<Cell row='4' col='4' knobID="" inOutButtonID="" selectButtonID=""/>
					<Cell row='1' col='5' knobID="OSCBypass" inOutButtonID="" selectButtonID="OSCBypass"/>
					<Cell row='2' col='5' knobID="Reverb" inOutButtonID="" selectButtonID=""/>
					<Cell row='3' col='5' knobID="" inOutButtonID="" selectButtonID=""/>
					<Cell row='4' col='5' knobID="" inOutButtonID="" selectButtonID=""/>
					<Cell row='1' col='6' knobID="" inOutButtonID="" selectButtonID=""/>
					<Cell row='2' col='6' knobID="" inOutButtonID="" selectButtonID=""/>
					<Cell row='3' col='6' knobID="" inOutButtonID="" selectButtonID=""/>
					<Cell row='4' col='6' knobID="" inOutButtonID="" selectButtonID=""/>
					<Cell row='1' col='7' knobID="" inOutButtonID="" selectButtonID=""/>
					<Cell row='2' col='7' knobID="" inOutButtonID="" selectButtonID=""/>
					<Cell row='3' col='7' knobID="" inOutButtonID="" selectButtonID=""/>
					<Cell row='4' col='7' knobID="" inOutButtonID="" selectButtonID=""/>
					<Cell row='1' col='8' knobID="" inOutButtonID="" selectButtonID=""/>
					<Cell row='2' col='8' knobID="" inOutButtonID="" selectButtonID=""/>
					<Cell row='3' col='8' knobID="" inOutButtonID="" selectButtonID=""/>
					<Cell row='4' col='8' knobID="" inOutButtonID="" selectButtonID=""/>
				</Page><!--num='1'-->
			</PageTable><!--type='Av48' pgsz='96'-->
			<PageTable type='Av81' pgsz='24'>
				<Page num='1'>
					<Cell row='1' col='1' knobID="x" inOutButtonID="" selectButtonID=""/>
					<Cell row='2' col='1' knobID="y" inOutButtonID="" selectButtonID=""/>
					<Cell row='3' col='1' knobID="Spread" inOutButtonID="" selectButtonID=""/>
					<Cell row='4' col='1' knobID="Delay" inOutButtonID="" selectButtonID="Delay"/>
					<Cell row='5' col='1' knobID="Reverb" inOutButtonID="" selectButtonID=""/>
					<Cell row='6' col='1' knobID="OSCBypass" inOutButtonID="" selectButtonID="OSCBypass"/>
					<Cell row='7' col='1' knobID="" inOutButtonID="" selectButtonID=""/>
					<Cell row='8' col='1' knobID="" inOutButtonID="" selectButtonID=""/>
				</Page><!--num='1'-->
			</PageTable><!--type='Av81' pgsz='24'-->
			<PageTable type='BkCS' pgsz='12'>
				<Page num='1'>
					<ID>x</ID>
					<ID>y</ID>
					<ID>Spread</ID>
					<ID>Delay</ID>
					<ID> </ID>
					<ID>Reverb</ID>
					<ID> </ID>
					<ID>OSCBypass</ID>
					<ID> </ID>
					<ID>Delay</ID>
					<ID> </ID>
					<ID> </ID>
				</Page><!--num='1'-->
			</PageTable><!--type='BkCS' pgsz='12'-->
			<PageTable type='BkSF' pgsz='16'>
				<Page num='1'>
					<ID>x</ID>
					<ID>y</ID>
					<ID>Spread</ID>
					<ID>Delay</ID>
					<ID> </ID>
					<ID>Reverb</ID>
					<ID> </ID>
					<ID> </ID>
					<ID>OSCBypass</ID>
					<ID> </ID>
					<ID> </ID>
					<ID>Delay</ID>
					<ID> </ID>
					<ID> </ID>
					<ID> </ID>
					<ID> </ID>
				</Page><!--num='1'-->
			</PageTable><!--type='BkSF' pgsz='16'-->
			<PageTable type='FrTL' pgsz='24'>
				<Page num='1'>
					<ID>x</ID>
					<ID>y</ID>
					<ID>Spread</ID>
					<ID>Delay</ID>
					<ID> </ID>
					<ID>Reverb</ID>
					<ID> </ID>
					<ID>OSCBypass</ID>
					<ID> </ID>
					<ID> </ID>
					<ID> </ID>
					<ID> </ID>
					<ID> </ID>
					<ID> </ID>
					<ID> </ID>
					<ID> </ID>
					<ID> </ID>
					<ID> </ID>
					<ID> </ID>
					<ID> </ID>
					<ID> </ID>
					<ID> </ID>
					<ID> </ID>
					<ID> </ID>
				</Page><!--num='1'-->
			</PageTable><!--type='FrTL' pgsz='24'-->
			<PageTable type='HgTL' pgsz='8'>
				<Page num='1'>
					<ID>x</ID>
					<ID>y</ID>
					<ID>Spread</ID>
					<ID>Delay</ID>
					<ID> </ID>
					<ID>Reverb</ID>
					<ID>OSCBypass</ID>
					<ID> </ID>
				</Page><!--num='1'-->
			</PageTable><!--type='HgTL' pgsz='8'-->
			<PageTable type='MkTL' pgsz='8'>
				<Page num='1'>
					<ID> </ID>
					<ID>OSCBypass</ID>
					<ID>Delay</ID>
					<ID> </ID>
					<ID>x</ID>
					<ID>y</ID>
					<ID>Spread</ID>
					<ID>Reverb</ID>
				</Page><!--num='1'-->
			</PageTable><!--type='MkTL' pgsz='8'-->
			<PageTable type='PcTL' pgsz='16'>
				<Page num='1'>
					<ID>x</ID>
					<ID>y</ID>
					<ID>Spread</ID>
					<ID>Delay</ID>
					<ID>Reverb</ID>
					<ID>OSCBypass</ID>
					<ID> </ID>
					<ID> </ID>
					<ID> </ID>
					<ID> </ID>
					<ID> </ID>
					<ID> </ID>
					<ID> </ID>
					<ID> </ID>
					<ID> </ID>
					<ID> </ID>
				</Page><!--num='1'-->
			</PageTable><!--type='PcTL' pgsz='16'-->
			<PageTable type='PgTL' pgsz='1'>
				<Page num='1'>
					<ID>Master Bypass</ID>
				</Page><!--num='1'-->
				<Page num='2'>
					<ID>x</ID>
				</Page><!--num='2'-->
				<Page num='3'>
					<ID>y</ID>
				</Page><!--num='3'-->
				<Page num='4'>
					<ID>Reverb</ID>
				</Page><!--num='4'-->
				<Page num='5'>
					<ID>Spread</ID>
				</Page><!--num='5'-->
				<Page num='6'>
					<ID>Delay</ID>
				</Page><!--num='6'-->
				<Page num='7'>
					<ID>OSCBypass</ID>
				</Page><!--num='7'-->
			</PageTable><!--type='PgTL' pgsz='1'-->
		</PTLayout><!--name='Mono'-->
	</PageTableLayouts>
	<ControlNamesVariations>
		<Ctrl ID='Delay'>
			<name typ='PgTL' sz='1'>D</name>
			<name typ='PgTL' sz='2'>De</name>
			<name typ='PgTL' sz='3'>Dly</name>
			<name typ='PgTL' sz='4'>Dlay</name>
		</Ctrl><!--ID='Delay'-->
		<Ctrl ID='Master Bypass'>
			<name typ='PgTL' sz='3'>Byp</name>
			<name typ='PgTL' sz='4'>MByp</name>
			<name typ='PgTL' sz='6'>Bypass</name>
			<name typ='PgTL' sz='8'>M Bypass</name>
		</Ctrl><!--ID='Master Bypass'-->
		<Ctrl ID='Reverb'>
			<name typ='PgTL' sz='1'>R</name>
			<name typ='PgTL' sz='2'>Rv</name>
			<name typ='PgTL' sz='3'>Rev</name>
			<name typ='PgTL' sz='4'>Rvrb</name>
			<name typ='PgTL' sz='5'>Rever</name>
		</Ctrl><!--ID='Reverb'-->
		<Ctrl ID='Spread'>
			<name typ='PgTL' sz='1'>S</name>
			<name typ='PgTL' sz='2'>Sp</name>
			<name typ='PgTL' sz='3'>Spr</name>
			<name typ='PgTL' sz='4'>Sprd</name>
			<name typ='PgTL' sz='5'>Sprea</name>
		</Ctrl><!--ID='Spread'-->
		<Ctrl ID='OSCBypass'>
			<name typ='PgTL' sz='3'>Osc</name>
			<name typ='PgTL' sz='4'>OscB</name>
			<name typ='PgTL' sz='5'>OscBp</name>
			<name typ='PgTL' sz='6'>OscByp</name>
		</Ctrl><!--ID='OSCBypass'-->
	</ControlNamesVariations>
	<Editor vers='1.3.7.1'>
		<PluginList>
			<TDM>
			</TDM>
			<RTAS>
				<PluginID manID='dbAu' prodID='sVst' plugID='jccc'>
					<MenuStr>AAX Native: Soundscape 2ch</MenuStr>
				</PluginID><!--manID='dbAu' prodID='sVst' plugID='jccc'-->
				<PluginID manID='dbAu' prodID='sVst' plugID='jcbb'>
					<MenuStr>AAX Native: Soundscape 1ch</MenuStr>
				</PluginID><!--manID='dbAu' prodID='sVst' plugID='jcbb'-->
			</RTAS>
		</PluginList>
		<DiscCtrls>
			<CtrlID>Delay</CtrlID>
			<CtrlID>Master Bypass</CtrlID>
			<CtrlID>OSCBypass</CtrlID>
		</DiscCtrls>
	</Editor><!--vers='1.3.7.1'-->
</PageTables><!--vers='1.0.0.0'-->
